{
  "project_info": {
    "project_number": "1057154172298",
    "firebase_url": "https://raspberrypi-11104-default-rtdb.firebaseio.com",
    "project_id": "raspberrypi-11104",
    "storage_bucket": "raspberrypi-11104.appspot.com"
  },
  "client": [
    {
      "client_info": {
        "mobilesdk_app_id": "1:1057154172298:android:19975d23bb1a34d26a7473",
        "android_client_info": {
          "package_name": "com.apps.smartgreenhouse"
        }
      },
      "oauth_client": [
        {
          "client_id": "1057154172298-thmhpmmm6eolkvgsptmkngi5eqlp4d7r.apps.googleusercontent.com",
          "client_type": 3
        }
      ],
      "api_key": [
        {
          "current_key": "AIzaSyB-ruZUxVctLoA338n3HM2Oi0aWGjqhcRY"
        }
      ],
      "services": {
        "appinvite_service": {
          "other_platform_oauth_client": [
            {
              "client_id": "1057154172298-thmhpmmm6eolkvgsptmkngi5eqlp4d7r.apps.googleusercontent.com",
              "client_type": 3
            }
          ]
        }
      }
    }
  ],
  "configuration_version": "1"
}